STR_STATION_ID,INT_MI_SURVEY_GEN_ID,SmallFreestoneIBI,LargeFreestoneIBI,SummerSWMMI,FallSWMMI,MultihabitatIBI,LimestoneIBI
EBOT 5.4,1,42.50108672,47.81228181,26.5676872,35.73218869,64.85579469,89.89393171
DEER 25.0,2,62.4155926,73.3649286,58.60885748,67.69476674,86.51553486,96.31608538
YLBR 12.8,3,41.91842632,47.72442351,37.42145424,31.11103136,63.63239662,94.07682234
SWAT 23.7,4,56.26103198,63.49093015,46.19880566,58.25844099,87.02346041,96.11443183
WBOT 3.3,5,45.900798,51.76076698,33.71018271,37.81576884,67.1791402,96.02873355
SBCC 20.4,6,49.66640132,56.41790848,50.34243583,44.05206398,76.8457823,91.99757556
CONO 35,7,63.72530708,72.95959353,64.33076707,68.69287845,95.45454545,93.98559416
CHIQ 11.3,8,34.08719158,37.29420698,6.08057716,18.69108272,51.92427839,84.56632924
LCHQ 7.6,9,34.65624475,39.2086228,7.724569471,21.58415484,55.48606493,85.47136596
MILL 2.6,10,88.72956367,97.25001852,91.82277527,89.10914678,91.34897361,100
PINE,11,89.22259862,98.51265956,96.80030358,91.06005936,90.90909091,100
BABB 13.4,12,87.07204545,91.6876985,78.551932,83.75673063,93.93939394,99.95165579
LEBO 0.1,13,86.72685149,95.14673636,94.95587694,88.78215286,87.87878788,99.67034249
Portage,14,58.75250865,68.97243716,80.65710178,76.79493931,78.24807125,99.05092982
LMEHOOP,15,64.42000398,76.04983387,85.16604726,66.69608474,78.61633412,99.3181127
MARS,16,59.67701746,69.33044154,82.46206809,69.31527913,79.97383704,98.67247867
SANGERFIELD,17,68.63840928,79.72498521,72.8015564,73.47288472,93.18181818,99.24336195
LYSK 5.0,19,73.24052997,85.97272127,67.78779078,82.1878348,89.39393939,98.13795033
LBEA 0.4,20,91.63867649,96.38972343,90.27646569,87.55427717,96.96969697,100
MESH,22,72.85112943,86.28249446,74.74897283,81.01504039,93.40175953,96.47050726
TUSCARORA,23,49.39089508,56.7185236,38.35301706,49.70699843,76.90957487,91.86550388
EBWC,24,66.74186137,79.08423656,86.2752613,79.23184583,82.91213846,99.84111262
Baldwin,25,76.59000133,89.8906111,85.14816937,82.42780435,90.90909091,96.14905603
KISH 14.1,26,31.29438161,34.28199153,3.874642545,20.50691347,45.269976,77.2426423
BOBS,27,92.57311456,99.23447367,93.06597193,90.141613,92.42424242,100
QUIT 3.1,28,27.48289803,30.06309607,21.72664055,7.638815282,34.1472842,61.72983786
TROT,29,89.53115239,94.60185525,80.96545275,84.40005798,93.93939394,99.76097777
SBCD 3.4,30,43.89502545,50.3551204,28.50865566,34.18141353,66.00668326,95.48108055
Moose,31,86.25766247,97.80772315,93.88346567,83.44728297,90.3714565,99.96081189
LITZ,32,21.85519313,23.27156595,17.77575485,0,26.97154565,48.02734954
HAMR,33,43.24887475,48.67261037,53.6619007,25.71065966,57.45881195,93.86786399
EBFC,34,78.0010057,87.49647324,80.18221099,70.73067251,77.41847038,99.2085546
Cherry Valley,35,61.20680787,72.12001743,44.58145703,62.27595955,89.61388074,96.69347515
Kitchen,36,83.24733732,88.55980188,70.55985906,73.14965829,88.4246755,100
BNUT,37,66.33173173,77.85134551,69.99060956,77.93331782,89.29618768,98.79020249
BLOC,38,81.00224237,91.19042787,81.67521474,86.06221842,100,99.82724054
APAL,39,81.43000819,94.09655564,86.59066045,82.22373862,89.39393939,99.52760652
SNAK,40,74.41514445,85.90042903,63.11830713,77.73760888,90.90909091,97.24231986
HICKS,41,76.454703,86.00948942,78.88847683,90.38889789,91.63835817,99.51813433
WEST,42,55.40197381,67.63598814,73.74981242,64.93936778,71.28120618,96.43036843
Driftwood,43,74.5323183,86.72866524,88.73795605,88.17800954,90.3714565,95.56106843
PLES,44,94.21928903,98.05227518,92.97356671,94.64855242,93.93939394,100
LARR,45,84.24547618,97.67409788,99.21245659,96.35851147,91.34897361,100
TIOG,46,93.02208686,99.6846047,93.91799906,92.6951476,92.42424242,100
SING 0.9,47,43.52235418,49.36011507,24.39722056,36.65094078,64.55916604,92.75301246
BAKR 0.1,48,95.90811007,99.67972889,96.92220836,95.78305659,96.96969697,100
Bald Tioga,49,93.5374498,96.338393,94.48905524,95.83333333,92.32649071,100
East Fork,50,91.81605393,98.00684764,99.09492177,98.17372896,93.93939394,99.96579904
SBTK,51,46.15405008,53.02025226,36.49306075,41.74999599,55.49643113,91.10836396
Sugar Run,52,63.27916704,71.4630959,64.00749354,57.57637067,69.74698538,92.84348768
BOWN,53,89.14920744,94.93018819,80.66444617,88.26241327,95.45454545,100
